{
    "Records": [
        {
            "eventVersion": "2.1",
            "eventSource": "aws:s3",
            "awsRegion": "ap-northeast-2",
            "eventTime": "2022-04-13T14:56:42.623Z",
            "eventName": "ObjectCreated:Put",
            "userIdentity": {
                "principalId": "A1R0L7D088J5HC"
            },
            "requestParameters": {
                "sourceIPAddress": "121.175.185.14"
            },
            "responseElements": {
                "x-amz-request-id": "43F6DRWKJP7CAKYX",
                "x-amz-id-2": "YGxXBKjZ/yz3wlj4cjG9T1JF3dyAalsubWCHaQcjk39U90dKrHmzmZBcOcp/ACcaSSzhdk+cO5g1IYYI9rUQPdsad0+Pw7MC"
            },
            "s3": {
                "s3SchemaVersion": "1.0",
                "configurationId": "8b586cf8-79cf-43b0-a2b8-3e0d51bf154c",
                "bucket": {
                    "name": "photo-bucket-image",
                    "ownerIdentity": {
                        "principalId": "A1R0L7D088J5HC"
                    },
                    "arn": "arn:aws:s3:::photo-bucket-image"
                },
                "object": {
                    "key": "elecwave.jpg",
                    "size": 130213,
                    "eTag": "6f20bd4f8ed5fb9ff25147a567813ca6",
                    "sequencer": "006256E4AA919DA73E"
                }
            }
        }
    ]
}
